id,fullText,label
1939442027986346266,"oficialmente me mudÃ© y que nostalgia tan arrecha

ahora se viene una etapa demasiado linda y le agradezco mucho a esa casita por todo lo que vivÃ­ ahÃ­",1
1939430574571364480,#Hipismo Todos ejemplares que corrieron en esa carrera donde ganÃ³ Astuto fuesen corridos estÃ¡ Copa Holly RincÃ³n y la carrera fuese sido arrecha,1
1939425264980680969,Estoy muerta de risa con el video de los quince aÃ±os de la Burrita y como se arrecha cuando le llevan mariachis jajsjsjsjsjsjsjs por eso yo pedÃ­ que no me hagan esa payasada.,1
1939408675753632177,"No me importa si mi tÃ­a se arrecha o mi papÃ¡ pero a mÃ­ esa vaina de estar bebiendo en la casa con esa gente mal educada, grosera y borracha yo no camino, perdÃ³n",-1
1939352335668670630,"@Movev_zulia @CarlosGarc1a @carlaangola @PattyPoleo @MariaCorinaYA Esa gente si es arrecha, acostumbrada al trabajo duro, arriba los gochos!!!!",1
1939119534381650267,"@Gorila081 Ya manin, pero por lo menos hay que decirle a la gente que deberÃ­a estar arrecha por eso. 
Porque de Ã±apa, a parte de eso, tienes a imberbes que dicen ""bueno pero eso ya es de ellos"". AsÃ­ cualquiera pierde territorio. 
No, esa NO DEBERIA ser nuestra postura.",1
1939106072486174812,@majogavilanesa Ya nos tienen acostumbrados y aÃºn asÃ­ arrecha cuando se dejan empatar de esa manera,-1
1939083889684697253,"Ya estaba arrecha con la vida hoy para que me digan que tengo que hacer la vaina yo sola porque ""es lo mÃ¡s prudente"" cuando ustedes hicieron mal esa vaina porque no estuve porque me estaba muriendo y aparte no preguntaron",-1
1939007739294031954,"@Thor_luisXVII MÃ¡s arrecha es la izquierda, con esa ni los abuelos han nacido.",-1
1938691497089524003,@ivanmartinezg7 @moquina80 @majogavilanesa @CSEmelec @ElCanalDFutbol Jajajajajajaja cojan esa puta q anda como arrecha,0
2006138813756661994,"@ecuadoraldia365 Esa seÃ±ora si es arrecha, deja sus hijos por un hombre y luego llega como si no hubiera pasado nada 
Que la saquen de la casa a la fuerza si es nesesario  
Sinverguenza",0
2006045069086781896,Tan sencillo como que era aceptar la derrota y ser oposiciÃ³n pero la ambiciÃ³n de poder es demasiado arrecha y se entiende cuando prÃ¡cticamente tienes un paÃ­s de rodillas no es fÃ¡cil soltar esa teta,-1
2005823361620889978,"@PaolaAstorga202 Oye malparida tu eres cule arrecha, porque lo unico que detallastes de esa foto era si tenia la monda parada o noâ€¦ Que mente llena de tanta verga debes tener.",-1
2005787651862057161,CoÃ±o pero q arrecha es esta tipa no joda. Apuesto lo q sea q cuando estÃ©n en el poder van a terminar de desenmascarar a toda esa basura burocrÃ¡tica q quiso voltear hacia otro lado. Lo mejor USA va a apoyarlos.,-1
2005715216949186930,me tiene arrecha esa vaina ahora de que todos en el maldito tigre ahora se creen influencer y grabando a la gente en la calle nada mÃ¡s pq se vista diferente por unos malditos 5 likes ahora todo lo quieren subir a tiktok #denunciapublica,-1
2005701040843481333,"@piripicho_pzo @locoincorrectos Amigo quien esta hablando del gobierno estoy deacurdo cunado dices que la ignorancia es arrecha y definitivamente si lo es.
En nigun moneto eh escrito algo del gobierno ğŸ¤”.
Escribir que lastima de instalaciones que por que las dejaron decaer de esa manera?",-1
2005665206568177737,"8: Holly es la mÃ¡s arrecha hasta los momentos. 

Esa es mi opiniÃ³n de la 5ta y Ãºltima temporada de Strangers Things que para mÃ­ hasta los momentos ha sido la peor.",1
2005620418217193883,"@piripicho_pzo @locoincorrectos Si la tienes razÃ³n la ignorancia es arrecha de verdad.
Como escribir da tristeza por la instalaciones, lo que te digo eso veneficiaba al pueblo en general?
Tu podÃ­as disfrutar de esa instalaciones? Si eran para los trabajadores por que no siguieron manteniendo",0
2005618941390160042,"""ya no existe un modelo de negocio porque la gente ya no lee.""

Que estupidez mÃ¡s arrecha.

Es verdad que la gente ya no lee novelas como antes, pero con una franquicia que mueve un verguero de plata como la suya, esa mierda se vende sola.",-1
2005459732052807807,"Que arrecha esa bomba la lanzaron. El 24 y cayÃ³ el 28 ğŸ˜‚ğŸ˜‚ğŸ˜‚ğŸ˜‚el desespero por vender humo tiene loco a los muertos de hambre ,vengan a comer gorgojos muertos de hambre maricorinos ğŸ‘‡ğŸ»",-1
1939113404821635521,DI MARIAAAAAA ES FUCHIBOL CHUCHAMADRE https://t.co/s4myrGFIiG,1
1939112899387253059,"Se me fue el internet en la parte importante 
Chuchamadre",0
1938431013245362456,"@porqueTTarg VAYA PUTA MIERDA, DEJEN DE VER PORNO CHUCHAMADRE",-1
1938239821945667821,@DeCavra YagÃ¼eee pinche pendejo chuchamadre mamagÃ¼ebo PerÃº rasa aria catorse cincuenta y siete,-1
1936891033381699851,"@cortacola_ @biobio Pero chuchamadre , TALCA https://t.co/Rfimif0Sm6",-1
1936876486000054507,"@gepetto1584 @DFinanciero Ese mismo pues.  Putamadre el hambriento qliao 
Imagina que vaya a la casa de uno. Chuchamadre se come hasta el perro del vecino. Jajajaja.",-1
1935033937308357066,Chuchamadre Alejandro Sanz tenÃ­as que sacar una publicaciÃ³n como un incel cualquiera.,-1
1934929202551091277,"@ocusberry2525 Chuchamadre! Lo que toca hacer por el billete. Que le esquilme nomÃ¡s al descuartizado mamelucazo, y luego invoca su derecho al trabajo y vuelve a ser â€œimpolutoâ€.
Bien dicen: por la plata baila el perro, y por El Oro, perro y perra!",-1
1934284980936421480,"Ayer me preguntaron como iba con mi bruxismo.
Dije: super!! ya casi ni uso la fÃ©rula y estoy durmiendo bien y todo.
Hoy ando aquÃ­ con el dolor espantoso por no ponerme la vaina. Chuchamadre",0
1933963722252341742,@stillnoexisto28 @PoliciaEcuador chuchamadre se lo creyeron y me estan puteando cuarentones ayuda,0
2004214149275177412,@gatubela_44 Jajajajaja chuchamadre. Y las q suben los q abierta y pÃºblicamente se andan poniendo todos los cachos de los renos de Santa?,1
2003222339258024300,"Chuchamadre se camina a tu derecha!!!!!!!
Gente en el MALL : se camina a tu derechhaaaaaaaaa!!!!!!!!",-1
2002215465301561575,que rabia chuchamadre,-1
2000642422041104786,EnterÃ¡ndome lo de Rob Reiner. Chuchamadre,-1
2000347345943474554,@nekochiruka Yo le tengo tirria a ver lo que ocurre acÃ¡ porque todos los dÃ­as es una desgracia o un chuchamadre. A mÃ­ dÃ©jenme con mis vainitas...,-1
1999188240662753671,"@CloeLovelance He visto Homosexuales abiertamente declarados, que van a votar por kast.
Chuchamadre... he guardado algunos twits para cuando lloren que le cerraron el departamento municipal LGTB",-1
1998964316259975387,chuchamadre enano de re mierda no podÃ­as tener el puto osico cerrado,-1
1998908916978299371,"Chucha, a mÃ­ llÃ¡menme zurdo si quieren.

Pero en PanamÃ¡ se tiene que formar una chuchamadre para cambiar este paradigma.

HAY QUE BANEAR DEL SERVER A LOS CERDOS CORRUPTOS QUE VIVEN A COSTILLAS DE NOSOTROS DESDE HACE 40 AÃ‘OS:

POLÃTICOS 
RABIBLANCOS
COMISIONADOS

T O D O S",-1
1997450226458890414,"@El_pana_Daviz Oye pero que chucha tenÃ­a que ver Sonic (fuera de la foto) y porque involucrÃ³ su Mario fandom???
Encima que se pinta un avatar en cada comentario la chuchamadre https://t.co/uvZYCDq0Rk",0
1997297520943501820,"@DboraAlvarado4 Nah, chuchamadre serÃ­a mÃ¡s bien: schmuti deiner Mutter. - verdammter es como decir: maldito",-1
1778537611700953400,"@MashiRafael A los d RC5, DELEY MIJIN, RECIÃ‰N DICES ALGO CIERTO",1
1772101518667190775,"@lahistoriaec @RonnyAleagaS El panita es un latÃ­n king, el panita andaba de piscinas con narcos, el panita aparece en lo chats del ruso, el panita esta siendo investigado por la muerte de Don Villa.
Si mijÃ­n deley tiene una reputaciÃ³n 10/10 que te vamos a creer todo lo que digas.",0
1263671799298043906,"@SassyTruth2 @BEINGABETTERHU4 @Diezum @andressaucay @luisevivanco porque en las ciudades grandes no saben que es mijin, deley",1
825123062551085057,@UnTalJunxy deley mijin :D,1
773340468646121472,@sonicck1 @Toriaaan xD deley mijin deley jajaja xD @jakethedgyt,1
741420928618336256,@Matamoros_paula deley mijin ğŸ˜­ğŸ˜­todos me dicen eso ğŸ”,1
740040956184035328,"@MELANIEOLIVO1 deley mijin ğŸ’”ğŸ’”voy a morir de risa ,pero no ya enserio a mÃ­ tambiÃ©n me da mucha pena ğŸ“Œ",0
693273293340708866,"Deley que trauma jaja suele pasar si o que mijnes y mijinas
Ponte 11 Mijin-cayambeÃ±o de corazÃ³n https://t.co/tbWyzsS3df",1
690190435969536000,"Si deley ya se les extraÃ±a por donde andaran...jajaj
Ponte 11 Mijin-cayambeÃ±o de corazÃ³n https://t.co/boEllZrTiY",0
687452787907670018,@DiegoJVillacis  deley mijin aslo  b por k con eso comenzaste osea es tu estilo aslo aslo te apoyo,1
1935360791110418793,@albertobastus fuera bromas qe el viernes empiezo a trabajar y si consigo suficiente para la entrada vuelos y alojamiento voy deuna,1
1932362933364727837,YOOOOO DORCAS YOO VOY TO DEUNA QAJAHQ YO YOY EJWSW,1
1929984824615317774,@tussiconl ah deuna si voy,0
1923236351656218939,"@PayDeMelocoton Asu prima, entonces domingo con unos Ignacios de Jamaica ğŸ˜‹ğŸ˜‹ğŸ˜‹ voy deuna para  el tetra ğŸ˜",0
1922125289313751312,MaÃ±ana Xley que voy a festejar con el alma siempre bolso deuna â¤ï¸ğŸ¤ğŸ’™,1
1920413546036249045,"@ide4lizer deuna sis, si la tiene medio barata me voy contigo d cabeza",0
1920170735948972476,NO ME HABLEN DURANTE 3 HORAS APROX QUE ME VOY A ENCHUFAR ANDOR DEUNA,0
1919972907024888229,@JoaquinBorquez3 deuna amigo ya voy,1
1919884121393787223,CuÃ¡ndo es el prÃ³ximo fin de semana largo? AsÃ­ me voy a la playa asÃ­ deuna,0
1918295275854061845,Mejor me voy a comprar deuna mi boleto de aviÃ³n para Argentina para levantar estos Ã¡nimos.,1
2002527268976144474,"@cesargarciarepo @BancoPichincha Jaja yo hace rato deje esos ladrones, no les doy un solo centavo mÃ­o, solo dejo dinero en mi cuenta cuando se que voy a hacer pagos, ya que por deuna es mucho mÃ¡s rÃ¡pido. Pero los capitales grandes siempre en Produbanco. Hasta ahora no me han salido con ningÃºn chiste",-1
2001871774699684243,@amoooooorbb Voy deunağŸ˜ğŸ¤¤,1
1991902305495769573,"â€œEstÃ¡ abierto, justamente por eso vengo a Guayaquil, me voy a reunir con la directiva de equipos de la costa, esto se tiene que definir mÃ¡ximo el lunes o martesâ€

ğŸ—£ï¸ Daniel Molina en #DeUna sobre la posibilidad de que #BarcelonaSC enfrente al Inter Miami con Lionel Messi. https://t.co/tkWRhUvX2i",0
1990833942384058590,"@Chanty3D soy dominicana, pero no voy con la manipulaciÃ³n ni la mentira, carlo es un tipo con una sola oya que tenia siglo que no brillaba le dan este chance y aunque sea el 5to lugar lo coje feliz, pero se le ocurrio la idea de hacer un show, maicol se lo creyÃ³ jaylexis se la llevo deuna",0
1988279951448306135,si no voy a ver a tan biÃ³nica creo que me mato deuna,-1
1983058188787175526,"Ya avientense el 4o deuna 
CÃ³mo quier voy por las clandestinas y al trabajo ni hablamosğŸ¥²
 @MLB 
@espn
@MLB_Mexico",0
1982617228802674754,"Me sale un video deuna SeÃ±ora de 59 aÃ±os con tremendo cuerpazo y dice: si quieres verte asÃ­, sÃ­gueme para enseÃ±arte mis rutinas: Obvio que la voy a seguir SeÃ±ora. Obvio! Ahora ... necesito el Ã¡nimo para comenzar ğŸ«¥ğŸ¤£",1
1982291500965810412,@zubitooo Deuna voy,1
1980049406734045373,@Sofiw_asu hoy? ainz yo me voy a dormir ya despuÃ©s deuna larga semana,0
1977079186876776736,Va a mostrar las tetas? Deuna voy ahorrando mejor,1
1939461610986185124,@JohnReimberg Que lo atraparon y esta preso bacan.. pero de ahÃ­ que quieren hacerse los hÃ©roes ya eso es otra cosa.. ademÃ¡s no nos hagamos los cojudos que la Ãºnica Inteligencia que funcionan en el Ecuador son las A.I. porque en la PolicÃ­a ni las Fuerzas Armadas esa palabra no existe,0
1939436779758624811,"@PinkylilFish Ay que bacan  la reuniÃ³n de ustedes.
Por las manos los conocerÃ©is ahÃ­ estÃ¡ SebastiÃ¡n Esta lord s esta algÃºn viejito que no sÃ© quiÃ©n es,  esta Tatiana  Moni y Lau",1
1939428639583694997,"@Hell_sweet222 A la madre, si lego algun dÃ­a piensa en revivir esta franquicia si o si deben contratarte en el proceso ya que esta demasiado hermoso.
Desde el diseÃ±o de los personajes proporcionados, los colores NeÃ³n muy bien implementados y sobretodo la fusiÃ³n que lo hace ver aun mas bacan.",1
1939422073039864211,@hyunseouljin @spiderbiitt @PuduElects JAJAJA COMO TE PICA EL AJÃ EN EL HOYO WN nadie discute eso estÃ¡ bacan y es justo que suban sueldos y bajen horas laborales pero es mÃ¡s allÃ¡ COMO CHUCHA van a legalizar a weones que vienen con otras intenciones acÃ¡? (No generalizo OJO) Y la economia del paÃ­s tambien estÃ¡ en juego,-1
1939414447140778166,bacÃ¡n cada tanto la escucho o la uso pero para decir simplemente q algo tiene estilo o estÃ¡ bueno https://t.co/gDqdiFU1Cf,1
1939411879115571327,"ğŸš£â€â™‚ï¸CelebraciÃ³n San Pedro y San Pablo 
Hoy domingo vivimos en el muelle de pescadores artesanales de Arica una nueva celebraciÃ³n de esta fiesta religiosa donde los pescadores mostraron su fervor religioso a su santo patrono.ğŸ™âš“ğŸš¤
#Arica #aricaesbacÃ¡n #aricayparinacota #Chile https://t.co/Y5QXOkVqsd",0
1939410395287920991,"@canaldemati_ Y tan atento ? estas de sapo ?? Vive tu mundito no mas, al resto que hagan lo o no hagan   te importa tanto que  la rabia impotencia y frustracion te tiene de sapo y escupiendo mierda interior, sale a dar una vuelta y arregla tu mundito chiquito ğŸ¤£ğŸ¤£ğŸ¤£,el dia esta bacan,aprovecha",-1
1939340289878970764,"Hoy en domingos de Cachureos, si estÃ¡ haciendo una construcciÃ³n/remodelaciÃ³n dese una vueltita por chaÃ±arsillo/MaipÃº hay un outlet bacÃ¡n de articulos de construcciÃ³n elÃ©ctricos herramientas porcelanatos etc... Barato barato https://t.co/ze27MyoyHE",0
1939329745159688318,"@elonmuskADO Asuuuu
Bien ahÃ­, estÃ¡ bacÃ¡n ese juguetito..ğŸ‘",1
1939292461165170778,"Â¡BuenÃ­simos dÃ­as! ğŸŒ¥ï¸ 
El domingo lo iniciamos desde el camino al santuario de las peÃ±as con esta bella fotografÃ­a. ğŸŒŒ
Foto: paul_planck_fotografia 
#Arica #Chile #aricayparinacota #aricaesbacÃ¡n https://t.co/rEr3Mm86jn",0
2006090404744012075,"@uchileradio Porque en esta sociedad exitista es comÃºn burlarse de quien lo hace bien, versus encontrar 'bacÃ¡n' al choro del curso. Desde chiquititos, se aprende que se premia socialmente, al 'divertido', al insolente, al sin respeto, al vulgar ğŸ™„.",-1
2006078740082958706,"@Moyascky Ambas son buena propuesta, mientras la pasen bien estÃ¡ bacan ğŸ˜ƒ",0
2006065892103249975,@mojojo160 @TheVerdugoEc @aquilesalvarez @DanielNoboaOk BacÃ¡n jajaja por eso el paÃ­s estÃ¡ en verga,-1
2006014277904208255,"@MajoDoriaT Que bacÃ¡n y la inflaciÃ³n en Colombia como va? para que digas que tu moneda estÃ¡ revalorizada tendrÃ­as que mirar a PerÃº, $1 dÃ³lar = 3.37 soles y no hacemos tanto aspaviento. https://t.co/t3VGXonld1",0
2006012737952895320,"@GarciaIbares @cesarbianchet @reunificacion_ Entonces eso estÃ¡ bacan(genial), lastima que posteriormente a las independencias los criollos quÃ© eran mestizos pero se creyeron blancos quÃ© nunca fueron, los relegaron a todos incluyendo Moctezumas y yupanquis a campesinado, una pena esa situaciÃ³n y relevos de cargosğŸ˜”.",-1
2005971204918874255,"@GarciaIbares @cesarbianchet @reunificacion_ Ah bueno,
1 demasiado raro ser Moctezuma sin ser mestizo
2 esta bacan que sean Ã¡rabes o lo que sean, pero ustedes se refieren a los latinoamericanos como panchos y los llaman inconexos de la historia espaÃ±ola
3 creen que toda Europa es fraternal y que los apoyan en su""vs panchos""",-1
2005861050206281907,@z0ri0n_daiZZZ ESTÃ BACÃN EL DISEÃ‘O Q NO SE MALENTIENDA solo me intimida,0
2005831584792916365,"mira k me cae mal el insecticida, pero ya fue wn si la gente no esta niahi con q miren la camara, le interesa ver un baile bacan #FiebreDeBaileCHV",0
2005828690781815192,EstÃ¡ recontra bacÃ¡nâ€¦. Pero la primera puerta interior da a la cocina y se ve un dormitorio.,1
2005768155856265722,@MashiRafael Si estÃ¡ bacÃ¡n compaÃ±erito sanduchito admita,1
1939473419474555114,@JossieMealegro @MendezAlex03 Yo no creo que ese hombre tan fino sea azuano.,-1
1939472415463281025,@Abraham_ben_A @PabloDavalos63 Fuistes muy finoğŸ˜‚ğŸ˜‚ğŸ˜‚ğŸ˜‚,1
1939472128723595371,"TIENE QUE ENTRAR ALEXIS, JOHAN NO ESTÃ FINO",-1
1939472104115573244,@DalmiroPerea28 @Conejorodriguez Que fino que todos coincidimos en eso.,1
1939470682233929789,Fino fino como siempre,1
1939470293011218921,@ROMEOLEMUSNews El guillo y la grencha ..!!!  Un paladar tan finÃ³ acostumbrado solo a pan dulce y gaseosa ğŸ¤£ğŸ¤£,1
1939470002958303615,@ElMalditoDareMo Fino,1
1939469658668585255,@Nicoambrogi JAJA SI BAYER ESTABA FINO SE COMEN 5 el primer tiempo!!ğŸ¤£ğŸ¤£ğŸ¤£ğŸ¤£ğŸ¤£,0
1939469491903328292,@andrea_tamargo Pensaba que era westcol y lo iba a poner fino Ajajajajajajajajjajajajajaja,0
1939469431307972813,@SifonysIII @martinezmerce18 Los vecinos se van a quejar. Hay que hacer un laburo mÃ¡s fino. Tiene a todos los servicios de inteligencia iranÃ­es contratados.,0
2006152755312771316,"@EmmaRincon Ok fino, esa es la percepciÃ³n del pueblo de Estado Unidos, creo que se le olvida un detallito importante solo le dejo una fecha 5 DE JULIO DE 1811.",0
2006151537265926209,@JuanMuncc Somos de plÃ¡stico fino.,0
2006151508262297961,"yo nunca me cortÃ© con hojilla pq me daba mucho miedo, pero me rascaba con un peine fino hasta que me quedaba la piel al rojo vivo, tengo las marcas aÃºn en el brazo",-1
2006150629744316514,@Nicotabi81 SegÃºn  tu eso es fino ğŸ¤¦ğŸ»â€â™€ï¸,0
2006150532751085751,"@Impulsive_Boy â”€â”€â”€â”€ Un tÃ© matcha estarÃ¡ bien para entrar en calor con esas bajas temperaturas.

Acaba diciendo al cabo de unos segundos tras repasar con la mirada las opciones que se le presentaban en aquel fino trozo de cartÃ³n plastificado.",0
2006150249908252762,@SolidKroket Fino seÃ±ores,1
2006149805815333085,@AlanPanassiti Si meritano d'essere saccheggiati fino all'ultimo centesimo,0
2006148884578340914,"@SEHuracan Con respeto , si tenemos paladar fino como pudieron traer a Alanis, a GimÃ©nez , al perla RamÃ­rez , a veces es mejor no decir nada antes que pavadas",-1
2006148669947453856,Que fino estos pasaron de alegrÃ­a y londoÃ±o a un Jeriel De Santis nicaragueÃ±o bien un rival menos,0
2006148485993607563,@FinoYossen Fino querido. A este altura tenes que profundizar. Aunque sea tenes que lograr los aÃ©reos y estadÃ­a en el mundial. No seas boludo de pagarlo vos. Todo este trabajo que haces no puede ser gratis.,-1
1939189569192411412,"Ok, nunca en mi vida habÃ­a ido sola a un bar y menos despuÃ©s del trabajo, pero hoy lo hice y fue la mejor decisiÃ³n. SalÃ­ de la rutina, conocÃ­ gente chÃ©vere, me despejÃ© full despuÃ©s de un turno de mierda, etc. 10/10 la experiencia. Salgan de su zona de comfort, recomendado ğŸ”¥â¤ï¸",1
1938641629826429414,"@starsbysil Pasada quincena volvÃ­a a la presencialidad laboral. Fines de noviembre conocÃ­ a alguien con quien hoy ya no me hablo para nada, en enero seguÃ­amos hablando. En abril estaba full chÃ©vere con otra persona, pero previo al segundo eclipse todo cambiÃ³, a hoy le establecÃ­ contacto cero",1
1938641573555708295,"Pasada quincena volvÃ­a a la presencialidad laboral. Fines de noviembre conocÃ­ a alguien con quien hoy ya no me hablo para nada, en enero seguÃ­amos hablando. En abril estaba full chÃ©vere con otra persona, pero previo al segundo eclipse todo cambiÃ³, a hoy le establecÃ­ contacto cero",0
1938620471215259868,"@LaRomicita13 El Fiesta Titanium automÃ¡tico es chÃ©vere: cÃ³modo, full equipo, y econÃ³mico para la ciudad.
Peeeero esa caja Powershift a veces parece que baila solaâ€¦
Â¡Si lo pruebas y no hace locuras, dale! Pero si tiembla, corre mÃ¡s que Ã©l. ğŸ˜„",1
1938241383459922326,"lo chÃ©vere de que estÃ©n bajando guiris al pueblo, es que estoy practicando full mi inglÃ©s",1
1936227918419472851,"@liajudith17 Ay noooo, pero que chevere que les esten dando fechas ahora!!! Se lo merecen full",1
1936215276288147493,"18. Sobelove: la letra normalita, pero el ritmo me gusta, full ambiente ğŸ’ƒ8/10.
19: en la mÃ­a: el coro nada que ver, pero el resto de la letra es muy buena, el ritmo me gustÃ³ full. 8/10. 
20. Estrella fugaz: el ritmo es chÃ©vere, letra normalita 7/10.",0
1936042985398972849,"Muy buen invitado y chevere porq @PampitoOk evidencio q no somos bots como los q usa WN y q @Gossipeame2020 sabe q usa bots y ella misma tiene multicuentas
Pampito ya observo la gran comunidad de #chinardi que somos y bancamos a full a Icardi y la china",1
1935858694475952182,"@LigaProEC @LDU_Oficial ChÃ©vere, contagian emociÃ³n, Ã¡nimo, fuerza, se los ve comprometidos, el fÃºtbol hay que vivirlo y sentirlo, se siente otro ambiente, full mejor que antes.",1
1935818193471492532,"Que chÃ©vere que la serie Mentiras y el Ã¡lbum de la misma estÃ©n teniendo buenos nÃºmeros.

Pero en lo personal deberÃ­a ser prioridad INDOMITA que se mantiene estable, pero deberÃ­amos aumentar los nÃºmeros, este proyecto es el que deberÃ­an estar a full apoyando .!",1
2005101950950670585,"En el dÃ­a de hoy tuve baja presiÃ³n, nÃ¡useas, mareos y full rinitis. No es tan chevere el verano",-1
2004929735881896430,"EstÃ¡n superafinadÃ­simas y tocan chÃ©vere, tienen full swing ğŸ¶ğŸµğŸ¶. Me recuerda a la pelÃ­cula Â«Cambio de hÃ¡bitoÂ».
ğŸ‡»ğŸ‡ªğŸ¤ ğŸ‘·ğŸšœğŸŒ
#TercosdelCampo",1
2004389872426274881,"Gente me empecÃ© Full Metal y es muy diferente a como me dijeron, pero esta chevere igual https://t.co/TjNcEz55Di",1
2004014262747103289,@_javico_ @carlosyela9 Â¡Te entendemos full! ğŸ¤“Los cambios pueden sentirse como cuando cambian la receta del pan de Pascua sin avisar ğŸ„ğŸ Pero no te preocupes estamos trabajando para que la experiencia sea cada vez mÃ¡s chÃ©vere y transparente. ğŸš€,1
2003929232716804166,Yo era de estas hasta que uno lo hace con gente de full confianza y es sÃºper chÃ©vere.,1
2003649517145719026,"@elduroec Jaajajjjaajaa el contexto estÃ¡ chevere.. pero el que hizo la IA ,VALE FULL PALOMA ESE HPTA.

Jajajjaajaa https://t.co/o4qdXsmsTq",1
2003221743515906065,"Me vi como 30 caps de Bleach y eso ya hace mÃ¡s de 8 aÃ±os, pero este gacha (Soul Resonance) estÃ¡ bastante peak
 Gameplay full entretenido, buenos eventos, pity accesible, si te sale un SSR en banner si o si es el nuevo 
 Muy friendly y chevere pa' pasar el rato, recomendau https://t.co/O9CFZKI2kM",1
2002355583287013553,"Muy buen Dia mis Parceros bellos ğŸ„ğŸµğŸŒ¦
Que sea un SÃ¡bado bien chevere para cada uno de Ustedes ğŸ¶
ğŸ¥³ğŸµğŸ¤—ğŸ¼ğŸ˜˜.
Que amaneciÃ³ lloviendo... y que? Es agua, No Ãcido ğŸ˜‚
A Disfrutarlo a full ğŸ˜‰ğŸ‘ğŸ»
CafÃ© â˜• MÃºsica ALEGRE ğŸµğŸ¶ğŸ¼ Y SonrÃ­an ğŸ˜ que es gratis.
ğŸ¥°ğŸ˜˜ğŸµğŸ„ğŸ… https://t.co/QtZwzXPLjw",1
2001788628666818898,"Full IA pero quedo chevere 
#Daarick https://t.co/JIEhpmY9bq",1
2000948505582690773,"@CrisMendoza333 @Mercado_Ingles Chevere, pero, Â¿alzÃ³ la liga de campeones o champions? Hasta ahora estÃ¡s en full comedia dando vueltas a la pregunta y rebuscando algo de tu acÃ©rrimo rival para denostar a Stevie, nada logro propio.",0
1868473221831381452,"â€˜EstÃ¡ bacansÃ­simo, se ve todo Guayaquilâ€™: 800 niÃ±os de DurÃ¡n y de Solca disfrutaron volar por primera vez en aviones de la FAE por Navidad | Comunidad | Guayaquil | El Universo https://t.co/M36vuFzx2W",1
1868427110173294885,"â€˜EstÃ¡ bacansÃ­simo, se ve todo Guayaquilâ€™: 800 niÃ±os de DurÃ¡n y de Solca disfrutaron volar por primera vez en aviones de la FAE por Navidad
https://t.co/ocvBe9wHJP https://t.co/iOhWN9Sdqy",1
1807604680547008918,"@brunobanchon Oye aguanta, habla serio Â¡quÃ© bacÃ¡n estÃ¡ nota! fan pilsener suena bacansisimo oeeee hay billete, ponte piloso ğŸ”‹",1
1770964444891259181,"En una chupa, todo el mundo estaba prendido y bacansÃ­simo y yo, ya estaba ebria, puse I Like Chopin de Gazebo o sea, cambiÃ© la mÃºsica, le disculpo pues era joven y estÃºpida, lo siento por cortar nota ğŸ¤¡ğŸ¤¡ğŸ¤¡ğŸ¤¡",1
1526621153371926529,"@yepezmarlon SegÃºn unos mama manes, es xq lo hizo un famoso y pues entonces estÃ¡ bacansisimo ğŸ™„osea q con ese ""criterio"" y x esa nota, la prÃ³xima hacen una JAPI y tambiÃ©n dirÃ¡n lo mismo...#SeVenWbdasğŸ¤¬",1
1526045746503421952,@RivasCede BACANSISIMO esa nota!,1
1485665993234030593,"@jorgejams88 Es una nota recontra lÃ¡mpara esos nuevos decks, no entiendo nada pero estÃ¡ bacansisimo jajajaja",1
1392671194273525760,"El mensaje de Pogba a Valencia es bacansÃ­simo. Se nota que Antonio ha sido un buen amigo, querido y respetado.",1
1340782963991191553,"@candida_cocker Por eso no regreso a ver esa nota, mÃ­rate mejor song exploder, bacansÃ­simo",1
1314294051475271680,"@BerniOnLine Gracias Bern ğŸ¤™ğŸ» Buen trip, Nota: dibujas bacansisimo",1
1939473809205240137,"@Tommyyt33 @xmrviolence_II salÃºdame pana ğŸ‘€, y ahÃ­ le preguntas al chimpancÃ© cuando va a liberar sus obras cinematogrÃ¡ficas ""Cletaraxia"" y ""Sexick"" que tanto esconde y se avergÃ¼enza ğŸ˜¬",1
1939473714732773617,"RIP a mi queridÃ­simo pana, que tuvo toda la espalda en el cÃ©sped y le debe estar picando horrores",0
1939473630938775615,"@sardianra Pana leÃ­ esto tarde y recuerdo que en el Tolima fue igual, la ropa se siente sÃºper hÃºmeda.",1
1939473266294362430,@TheMisterSB21 Este pana de central es lameculos de los alvarez pues,-1
1939473017580716236,@elfrente_amplio Hay que tener pana para hacer el ridÃ­culo,-1
1939472923619692693,"@jxbenedeti Jajajajaja este pana o es mediocre o estÃ¡ bien pagado ğŸ¤£ğŸ¤£ğŸ¤£ uppsss las dos cosas ğŸ¤­
Y segÃºn el en su burbuja jura que es listo ğŸ˜‚ğŸ˜‚ğŸ˜‚TORPE ğŸ˜…",-1
1939472448325378542,"Ay pana jaja ahora Â¿con quÃ© saldrÃ¡ Petro, el Gobierno y sus influencers fanÃ¡ticos empedernidos? Â¿CuÃ¡l serÃ¡ la excusa estÃ¡ vez?",-1
1939472407187624197,"@knudsen2010 No tengo certeza de eso, mi pana.",0
1939472115167601007,Por encima de la liga ese pana,0
1939472053310267854,Tengo un pana que lo han marcado varias. Le encantan malas que le dan puÃ±ala y botellazo.,-1
2005790836580388875,@jaanomino @CesarSabas @vlpascua Pana como va a ser eso falso si el tipo es el puto Presidente de Siria por el amor de Dios.,-1
2005790769282445746,@MioDiavoli Deja la mufa pana.. los partidos se ganan en la cancha no en la ventana de contrataciones,0
2005790735459836061,@AndresDuranEc Pana Difiende asÃ­ tambiÃ©n a los demÃ¡s reos del paÃ­s nadie tiene corona o quien no llora no mama,0
2005790685094465765,Inepto Victor Zambrano tu de pana q de ser presidente de un equipo no sabes nahhhhhhh eres un desastre ğŸ¤¡ğŸ¤¡ğŸ’©ğŸ’©ğŸ¤®ğŸ¤®,-1
2005790677645283477,@Saiwuuuu Como en tu sano juicio vas a comprar a westcol con tito el bambino. Que droga te metiste pana,0
2005790285260079132,"@lamiraecuador Â¿CÃ³mo soÃ±arÃ­a Jorge Glass que serÃ­a la cÃ¡rcel para el?. 
Hotel 5 estrellas con Hospital Metropolitano....

No pana..   asÃ­ no es",0
2005790178011668984,"Otro nuevo pana en el refugio.

Mira este video de Instagram de @ecojuanmanuel https://t.co/7k5jfljH2J",0
2005789814679863426,@Coduvid @Venequisimo Vergacion de pana?,0
2005789781482168616,"Ese es mi pana, mi colega, mi compaÃ±ero de luchas...",1
2005789748808548671,Mrc me saliÃ³ un video de este pana en mi inicio de TikTok y dios mÃ­o que vergÃ¼enza de verdad,-1
1939469290849124773,Que visaje es ver las red flag en una amistad. Pero peor aÃºn que muestre su verdadera cara,-1
1939451397172301835,"Me he dado cuenta en este viaje tantas cosas de mi, mk que visaje",0
1939435925152383162,Visaje jajajaja,0
1939434435872792968,La gente es un visaje pero que mÃ¡s!,1
1939431390438662535,"QuÃ© visaje, cule viaje",-1
1939426195822829918,Que visaje que hasta mis hermanitos me molestan por haberme metido con mi ex ğŸ˜‚ğŸ˜‚,0
1939420395318452328,que visaje todo el gremio en pereira y uno aqui,-1
1939417181642797272,@AdrianaVeterin O sea que el man si estÃ¡ muerto y solo estÃ¡n haciendo el visaje !!,-1
1939411358547575043,"Que visaje, culÃ© viaje...",-1
1939409448532873220,"@VaciOzz Mucho visaje para hacer un arrocito!

AdemÃ¡s en Colombia se traga mÃ¡s arroz que po'allÃ¡...",-1
2005790492953567588,Lo mÃ¡s visaje es que ni mi hermanito me pueda hablar pero que se le hace jaja ğŸ¤·ğŸ»â€â™‚ï¸,1
2005740484460007806,Ni a la familia de West los he visto dar visaje con esas cadenas,-1
2005720741543874584,que visaje en la barra que todo se sabe y todo se cuenta jajajajajajaj,0
2005705039055392805,"JAJAJAJA no doy visaje con los paracos de mi pueblo, ahora disque con los de ocaÃ±a JAJAJKKAKAKKA",1
2005694112708845683,Mi papÃ¡ quiere leerse Crimen y Castigo solo por el visaje,1
2005692557511331859,"@DATOSESKARLATAS @AmericadeCali No entiendo cuÃ¡l es el visaje con los canteranos, yo entiendo que a los profesionales hay que exigirles ( sobretodo a los extranjeros) pero ya soltemos a los pelados que ya cansa, Papula le tiran hate de mera rabia y moda.",-1
2005686709972042113,@Dkno1912 Estoy puesto y doy cero visaje,0
2005668256561131704,@AntonioSanguino Tanto visaje pa subirlo 12%,-1
2005644453315527120,"yo en mi momento mas tranquilo bien am: uy Ã±ero es que sabe quÃ©? quÃ© raras mi perro, que visaje, uish es que a lo bien Ã±ero, la gente quÃ©?",-1
2005632374068158666,"me levanto, subo el morro sin desayunar, casi vomito, me demoro 3 horas en subir, doy visaje, me tomo mi limonada y pa la casa",-1
